{"cameraMode":{"drawMode":0,"name":"Shaded","section":"Shading Mode"},"sceneLighting":true,"audioPlay":false,"sceneViewState":{"m_AlwaysRefresh":false,"showFog":true,"showSkybox":true,"showFlares":true,"showImageEffects":true,"showParticleSystems":true,"showVisualEffectGraphs":true,"m_FxEnabled":true},"in2DMode":false,"pivot":{"x":-4.791713714599609,"y":-1.1033172607421876,"z":21.23151397705078},"rotation":{"x":-0.14053770899772645,"y":0.11086474359035492,"z":-0.015834258869290353,"w":-0.9837528467178345},"size":9.909010887145996,"orthographic":false}