{"cameraMode":{"drawMode":0,"name":"Shaded","section":"Shading Mode"},"sceneLighting":true,"audioPlay":false,"sceneViewState":{"m_AlwaysRefresh":false,"showFog":true,"showSkybox":true,"showFlares":true,"showImageEffects":true,"showParticleSystems":true,"showVisualEffectGraphs":true,"m_FxEnabled":true},"in2DMode":false,"pivot":{"x":0.8621478080749512,"y":3.940347671508789,"z":-2.265073299407959},"rotation":{"x":0.27578645944595339,"y":-0.09381415694952011,"z":0.027065901085734369,"w":0.9562017917633057},"size":0.3936721980571747,"orthographic":false}