{"cameraMode":{"drawMode":0,"name":"Shaded","section":"Shading Mode"},"sceneLighting":true,"audioPlay":false,"sceneViewState":{"m_AlwaysRefresh":false,"showFog":true,"showSkybox":true,"showFlares":true,"showImageEffects":true,"showParticleSystems":true,"showVisualEffectGraphs":true,"m_FxEnabled":true},"in2DMode":false,"pivot":{"x":2.8917293548583986,"y":2.079690933227539,"z":15.008057594299317},"rotation":{"x":0.08560571074485779,"y":0.04811180755496025,"z":-0.004145835060626268,"w":0.9951803684234619},"size":7.536847114562988,"orthographic":false}