{"cameraMode":{"drawMode":0,"name":"Shaded","section":"Shading Mode"},"sceneLighting":true,"audioPlay":false,"sceneViewState":{"m_AlwaysRefresh":false,"showFog":true,"showSkybox":true,"showFlares":true,"showImageEffects":true,"showParticleSystems":true,"showVisualEffectGraphs":true,"m_FxEnabled":true},"in2DMode":false,"pivot":{"x":0.6999822854995728,"y":2.8241443634033205,"z":0.040155500173568729},"rotation":{"x":0.020675545558333398,"y":-0.00874706543982029,"z":0.0008256876026280224,"w":1.0004465579986573},"size":0.4410720765590668,"orthographic":false}